{"id":"144c52b6fd394f2284eed9a7a40d8502","title":"[EN]EHPRABU01S3-Game-A","asset":[{"assetId":"03ad55a200ec4251bce8cc1a787daa77","assetType":"I","mimeType":"image/png","originFileName":"game1_alligator.png","w":"371","h":"374","duration":""},{"assetId":"1394cf5044964422a016a1cb6cd6d882","assetType":"I","mimeType":"image/png","originFileName":"애니2.png","w":"238","h":"261","duration":""},{"assetId":"1a32276899e444e1b0d5a493da6b4986","assetType":"A","mimeType":"audio/mp3","originFileName":"Scratch and find.mp3","w":"0","h":"0","duration":"2"},{"assetId":"1b59d754ddb94d0fa434cdcbcbb6180c","assetType":"A","mimeType":"audio/mp3","originFileName":"game1_a2-2.mp3","w":"0","h":"0","duration":"2"},{"assetId":"1b9b91ab190f4b63b7193701be5a9453","assetType":"I","mimeType":"image/png","originFileName":"airplane.png","w":"370","h":"370","duration":""},{"assetId":"1bf583d2757a47edba5b992047b8b3db","assetType":"I","mimeType":"image/png","originFileName":"airplane(1).png","w":"300","h":"144","duration":""},{"assetId":"264367dcd6244c3696bbdacc0d285601","assetType":"A","mimeType":"audio/mp3","originFileName":"game1_a1-2.mp3","w":"0","h":"0","duration":"2"},{"assetId":"27b2367af6bb44319725819209af801c","assetType":"I","mimeType":"image/png","originFileName":"alligator(1).png","w":"300","h":"144","duration":""},{"assetId":"315a98edfb0a4016b8e353c8984b8bc1","assetType":"A","mimeType":"audio/mp3","originFileName":"game2_a4-2.mp3","w":"0","h":"0","duration":"1"},{"assetId":"319070c065f84ff3a3592ec5e5f9b973","assetType":"I","mimeType":"image/png","originFileName":"alligator.png","w":"370","h":"370","duration":""},{"assetId":"3bf8a11d91a14233a3afe57b1607bd83","assetType":"I","mimeType":"image/png","originFileName":"alligator(1).png","w":"333","h":"167","duration":""},{"assetId":"499b215203464938bfb938cb71be211b","assetType":"I","mimeType":"image/png","originFileName":"apple.png","w":"370","h":"370","duration":""},{"assetId":"51fc174e921e409ca4aa8b409f7a695d","assetType":"I","mimeType":"image/png","originFileName":"ant(1).png","w":"300","h":"144","duration":""},{"assetId":"540eb3b00e7047debd47676f31abdb6f","assetType":"I","mimeType":"image/png","originFileName":"apple(1).png","w":"333","h":"167","duration":""},{"assetId":"56cd15f4fce64e77b0d1cc243c8588e9","assetType":"I","mimeType":"image/png","originFileName":"game1_ant.png","w":"371","h":"374","duration":""},{"assetId":"57aa27a883864c43816ee6c20c22e962","assetType":"I","mimeType":"image/png","originFileName":"airplane(1).png","w":"333","h":"167","duration":""},{"assetId":"5d1678b1a54648e68b704a5d6cd7627d","assetType":"A","mimeType":"audio/mp3","originFileName":"game1_a2-1.mp3","w":"0","h":"0","duration":""},{"assetId":"601eb15c5d6a440c8dfb78c2d14f6bc0","assetType":"I","mimeType":"image/png","originFileName":"손2.png","w":"154","h":"152","duration":""},{"assetId":"6613fe999ee043b7a1330e431891701d","assetType":"I","mimeType":"image/png","originFileName":"apple(1).png","w":"300","h":"144","duration":""},{"assetId":"72111cda99e44e10a98a0525701d8d62","assetType":"I","mimeType":"image/png","originFileName":"apple(2).png","w":"333","h":"167","duration":""},{"assetId":"7c2199244855449098c4466524f8df9d","assetType":"I","mimeType":"image/png","originFileName":"game1_apple.png","w":"371","h":"374","duration":""},{"assetId":"8521441d9db74c438d1b4d727063f358","assetType":"A","mimeType":"audio/mp3","originFileName":"game2_a1-2.mp3","w":"0","h":"0","duration":"1"},{"assetId":"85915d6ae8e74069a915a24b2c9e87df","assetType":"A","mimeType":"audio/mp3","originFileName":"game1_a4-1.mp3","w":"0","h":"0","duration":"1"},{"assetId":"85c7b6899ff84d5b9a81bf96c5fe51db","assetType":"A","mimeType":"audio/mp3","originFileName":"game1_a3-2.mp3","w":"0","h":"0","duration":"2"},{"assetId":"86d764384c4242b7845f128aaa9fc2e8","assetType":"I","mimeType":"image/png","originFileName":"alligator(2).png","w":"333","h":"167","duration":""},{"assetId":"8fb470d9a49443aaa8986cbaac6e06f0","assetType":"I","mimeType":"image/png","originFileName":"airplane(2).png","w":"333","h":"167","duration":""},{"assetId":"97de0213bca94284a38de0609c54a07f","assetType":"I","mimeType":"image/png","originFileName":"hand.png","w":"124","h":"107","duration":""},{"assetId":"b14739b3c5bd49eabf9877545bbe038a","assetType":"A","mimeType":"audio/mp3","originFileName":"game2_a2-2.mp3","w":"0","h":"0","duration":"1"},{"assetId":"b341fc58f7cd4be1a520af6b9eebb694","assetType":"A","mimeType":"audio/mp3","originFileName":"game2_a1-1.mp3","w":"0","h":"0","duration":"1"},{"assetId":"b4ab198768404d11b0ff465d8c51e6dc","assetType":"A","mimeType":"audio/mp3","originFileName":"Touch and find.mp3","w":"0","h":"0","duration":"2"},{"assetId":"b65e26ddb9e0498b819bb94ffd6c2b29","assetType":"I","mimeType":"image/png","originFileName":"손1.png","w":"154","h":"152","duration":""},{"assetId":"ba41649812554e88af45cea3ca07d814","assetType":"I","mimeType":"image/png","originFileName":"애니1.png","w":"238","h":"261","duration":""},{"assetId":"bb57164befe64cd98bf65ba4f34b45ba","assetType":"A","mimeType":"audio/mp3","originFileName":"game1_a3-1.mp3","w":"0","h":"0","duration":"1"},{"assetId":"bc88abca80654919a6c922377151e128","assetType":"A","mimeType":"audio/mp3","originFileName":"game2_a4-1.mp3","w":"0","h":"0","duration":"1"},{"assetId":"be1a95e3fd1f4fd380eac1e3231ad4b7","assetType":"A","mimeType":"audio/mp3","originFileName":"game2_a2-1.mp3","w":"0","h":"0","duration":"1"},{"assetId":"be23797545b247348072efb61075b109","assetType":"A","mimeType":"audio/mp3","originFileName":"game2_a3-1.mp3","w":"0","h":"0","duration":"1"},{"assetId":"bf050f48dae44a1a9441be489515db02","assetType":"I","mimeType":"image/png","originFileName":"ant(2).png","w":"333","h":"167","duration":""},{"assetId":"c1a2d3022201490383509f7eaaef9f5d","assetType":"A","mimeType":"audio/mp3","originFileName":"game1_a1-1.mp3","w":"0","h":"0","duration":"1"},{"assetId":"c5973de106584766948181657501f89d","assetType":"I","mimeType":"image/png","originFileName":"board.png","w":"1061","h":"540","duration":""},{"assetId":"d12d65fceed14a19834d44b165d0a368","assetType":"A","mimeType":"audio/mp3","originFileName":"game1_a4-2.mp3","w":"0","h":"0","duration":"2"},{"assetId":"d1d0fde59f3643aeb17312634079043b","assetType":"I","mimeType":"image/png","originFileName":"game1_airplane.png","w":"371","h":"374","duration":""},{"assetId":"e17026046f354395a6597225ef599bc6","assetType":"I","mimeType":"image/png","originFileName":"ant(1).png","w":"333","h":"167","duration":""},{"assetId":"f2c074cd536f4633a63db3e2c4863ccc","assetType":"I","mimeType":"image/png","originFileName":"ant.png","w":"370","h":"370","duration":""},{"assetId":"fabebb7d980b403cb0b7abab334b04af","assetType":"A","mimeType":"audio/mp3","originFileName":"game2_a3-2.mp3","w":"0","h":"0","duration":"1"},{"assetId":"0dd26954145243d3b200b4d122325bde","assetType":"I","mimeType":"image/png","originFileName":"0dd26954145243d3b200b4d122325bde.png","w":"50","h":"79","duration":""},{"assetId":"e477ea4017e74a5cab9121f5d9baf1fc","assetType":"I","mimeType":"image/png","originFileName":"e477ea4017e74a5cab9121f5d9baf1fc.png","w":"50","h":"79","duration":""},{"assetId":"671330e356cf4062b26f5cfecb8d6ab9","assetType":"A","mimeType":"audio/mp3","originFileName":"마지막페이지_Good job.mp3","w":"0","h":"0","duration":"1"},{"assetId":"ef9f233a71a44d83a3346fa77d584dc0","assetType":"A","mimeType":"audio/mp3","originFileName":"띵동(자름).mp3","w":"0","h":"0","duration":""},{"assetId":"ba70446a531b426bb4e95e2db5bc96e1","assetType":"A","mimeType":"audio/mp3","originFileName":"딸깍(자름).mp3","w":"0","h":"0","duration":""},{"assetId":"208330efc9ca46be97fa06aa34d17f90","assetType":"A","mimeType":"audio/mp3","originFileName":"묵음.mp3","w":"0","h":"0","duration":"1"},{"assetId":"27bb92a7881c49f0838e2125a46a9dba","assetType":"I","mimeType":"image/png","originFileName":"홈.png","w":"106","h":"118","duration":""},{"assetId":"baab5600605d4052b661cd77fc0857f9","assetType":"I","mimeType":"image/png","originFileName":"홈_r.png","w":"106","h":"118","duration":""},{"assetId":"7c6f1e87ddeb4cc4abdb61c91a7a6cd9","assetType":"I","mimeType":"image/png","originFileName":"지문2.png","w":"400","h":"77","duration":""},{"assetId":"e93bc20a5fbc447ba11f06a0d8c3ce36","assetType":"I","mimeType":"image/png","originFileName":"바탕2.png","w":"70","h":"100","duration":""},{"assetId":"ce9b4ca423d045af96e09d7fe6f8582b","assetType":"I","mimeType":"image/png","originFileName":"문제표시.png","w":"157","h":"94","duration":""},{"assetId":"be4ea9a7aed3486d8d3d828c2c547343","assetType":"I","mimeType":"image/png","originFileName":"배경3.png","w":"565","h":"405","duration":""},{"assetId":"bfcac792c2c545989ee1f28f8b8e9140","assetType":"I","mimeType":"image/png","originFileName":"타이틀3.png","w":"330","h":"195","duration":""},{"assetId":"a5053053e1a241c2bb78063ac27c5ded","assetType":"I","mimeType":"image/png","originFileName":"시작버튼.png","w":"240","h":"115","duration":""},{"assetId":"9dd874812f084d498f69997a0a38ef4e","assetType":"I","mimeType":"image/png","originFileName":"시작버튼_r.png","w":"240","h":"115","duration":""},{"assetId":"c3782fc384b9458884ff9864e0c9686b","assetType":"I","mimeType":"image/png","originFileName":"엔딩.png","w":"565","h":"405","duration":""},{"assetId":"d46549ef5fe2428ca39f9e92471816c2","assetType":"I","mimeType":"image/png","originFileName":"굿잡.png","w":"480","h":"120","duration":""},{"assetId":"2293e23d64c548099498aa339a295ac7","assetType":"I","mimeType":"image/png","originFileName":"홈버튼.png","w":"105","h":"145","duration":""},{"assetId":"3ebdb7a0b4e14f75892384a0850b9d5f","assetType":"I","mimeType":"image/png","originFileName":"홈버튼_r.png","w":"105","h":"145","duration":""},{"assetId":"b571872c8630415a9e42671cdab209cd","assetType":"I","mimeType":"image/png","originFileName":"다시버튼.png","w":"105","h":"145","duration":""},{"assetId":"3ebb28abafd1413d8397437a95053f12","assetType":"I","mimeType":"image/png","originFileName":"다시버튼_r.png","w":"105","h":"145","duration":""},{"assetId":"ea5158e75f774c3e98589443c4710314","assetType":"I","mimeType":"image/png","originFileName":"앞.png","w":"80","h":"80","duration":""},{"assetId":"e344b862957e4fdea250e5581ec372e7","assetType":"I","mimeType":"image/png","originFileName":"지문6.png","w":"400","h":"77","duration":""},{"assetId":"b50096b007a940ec930d31c14e81e9b0","assetType":"I","mimeType":"image/png","originFileName":"monster3.png","w":"300","h":"300","duration":""},{"assetId":"71eab1bcefba4f59a9f2afd552ac55d9","assetType":"I","mimeType":"image/png","originFileName":"monster1.png","w":"300","h":"300","duration":""},{"assetId":"0c84f29c1b744237bc8ac5417740b73e","assetType":"I","mimeType":"image/png","originFileName":"monster5.png","w":"300","h":"300","duration":""},{"assetId":"e43081494da7453583078356d75feb38","assetType":"I","mimeType":"image/png","originFileName":"monster2.png","w":"300","h":"300","duration":""},{"assetId":"bac2f9af73004deca152f9a5b070abf3","assetType":"I","mimeType":"image/png","originFileName":"monster4.png","w":"300","h":"300","duration":""},{"assetId":"1085d7b0ee5344eaa6f36df6e03bc4ec","assetType":"I","mimeType":"image/png","originFileName":"monster6.png","w":"300","h":"300","duration":""}]}