{"id":"d698cbd80cc34ac885a4d9b1e7a3a241","title":"[EN]EHPRABU01S6-Review-A","asset":[{"assetId":"0120cbb7c29840d2a2d5769c444f49cf","assetType":"I","mimeType":"image/png","originFileName":"airplane(1).png","w":"274","h":"274","duration":""},{"assetId":"018d06b89be6460693927f13435f2a37","assetType":"I","mimeType":"image/png","originFileName":"엑스 (1).png","w":"375","h":"390","duration":""},{"assetId":"079fa0f94dd74eb3b9b853c452eed1eb","assetType":"I","mimeType":"image/png","originFileName":"보석2.png","w":"50","h":"51","duration":""},{"assetId":"0f0212bae81c4b2f926440866d067028","assetType":"I","mimeType":"image/png","originFileName":"보석2.png","w":"115","h":"135","duration":""},{"assetId":"0f31176a9ded40f38216e1678c735b8a","assetType":"I","mimeType":"image/png","originFileName":"ant(2).png","w":"274","h":"274","duration":""},{"assetId":"1c263779a7b640adb26d2c6886a2fb40","assetType":"I","mimeType":"image/png","originFileName":"스2.png","w":"112","h":"111","duration":""},{"assetId":"1cbb3d0d7fb44c52ab69e1040486e325","assetType":"I","mimeType":"image/png","originFileName":"반짝2.png","w":"240","h":"98","duration":""},{"assetId":"202bb0c241c04874a8fef615424b52bf","assetType":"I","mimeType":"image/png","originFileName":"Ant loves apples_1.png","w":"274","h":"216","duration":""},{"assetId":"266c08eca5234b9c90f6f8e8166a6c09","assetType":"I","mimeType":"image/png","originFileName":"Alligator likes airplanes_1.png","w":"274","h":"216","duration":""},{"assetId":"2915033ce0cb48eea5e9c129376b2871","assetType":"A","mimeType":"audio/mp3","originFileName":"w_a1-1.mp3","w":"0","h":"0","duration":"3"},{"assetId":"2ed2203565f14dcfbddf7683091a1742","assetType":"A","mimeType":"audio/mp3","originFileName":"w_a1-2.mp3","w":"0","h":"0","duration":"3"},{"assetId":"2f643c88a019437fb473c03fdba9700f","assetType":"I","mimeType":"image/png","originFileName":"alligator(1).png","w":"274","h":"274","duration":""},{"assetId":"2fbb9d9c745c45a1a32dae2d2553ba21","assetType":"I","mimeType":"image/png","originFileName":"back.png","w":"272","h":"272","duration":""},{"assetId":"3240aecff0b2420492e35cf97c8a78e8","assetType":"I","mimeType":"image/png","originFileName":"apple(2).png","w":"274","h":"274","duration":""},{"assetId":"33c7c7026b884babbdee3db382f6204d","assetType":"I","mimeType":"image/png","originFileName":"보석1.png","w":"41","h":"54","duration":""},{"assetId":"482a23f673ad4142b784324661104700","assetType":"I","mimeType":"image/png","originFileName":"스1.png","w":"112","h":"111","duration":""},{"assetId":"49c771d286e74d79ab6c732c6b661456","assetType":"I","mimeType":"image/png","originFileName":"반짝1.png","w":"240","h":"98","duration":""},{"assetId":"49d901f3722a4d25a4bc84e832e91734","assetType":"A","mimeType":"audio/mp3","originFileName":"w_a2-1.mp3","w":"0","h":"0","duration":"3"},{"assetId":"52a9322b2fc846f2abf2411aeb72ff2f","assetType":"I","mimeType":"image/png","originFileName":"실1.png","w":"276","h":"274","duration":""},{"assetId":"57f4fbd1664642398431284e2f12c829","assetType":"A","mimeType":"audio/mp3","originFileName":"s_a1.mp3","w":"0","h":"0","duration":"6"},{"assetId":"6451a50ca1b14f7596edd0e0f9a3bab1","assetType":"I","mimeType":"image/png","originFileName":"보석4.png","w":"42","h":"55","duration":""},{"assetId":"6b6701abf3ed47869848f10a279088e0","assetType":"I","mimeType":"image/png","originFileName":"상자.png","w":"200","h":"118","duration":""},{"assetId":"6ba95b290f4644e2ab97514b6ff90fe8","assetType":"I","mimeType":"image/png","originFileName":"alligator(2).png","w":"274","h":"274","duration":""},{"assetId":"6dd971ac23c74cd0ac1a0ce8ecbad723","assetType":"I","mimeType":"image/png","originFileName":"보석3.png","w":"54","h":"53","duration":""},{"assetId":"7958ed8869e640c7b493bd5f80226d5e","assetType":"I","mimeType":"image/png","originFileName":"b7.png","w":"203","h":"174","duration":""},{"assetId":"7eef52befe014ccd8aa1c2a4697a8508","assetType":"I","mimeType":"image/png","originFileName":"board_3.png","w":"1060","h":"525","duration":""},{"assetId":"960018d4b7e24c68a017f8b211043207","assetType":"A","mimeType":"audio/mp3","originFileName":"day5-1 Check-up_보석 움직임.mp3","w":"0","h":"0","duration":"2"},{"assetId":"a0b391d1d7de4523bd448fdbb62a62c1","assetType":"A","mimeType":"audio/mp3","originFileName":"w_a2-2.mp3","w":"0","h":"0","duration":"3"},{"assetId":"a409bebf012144c8a5bead82a2eab128","assetType":"I","mimeType":"image/png","originFileName":"보석6.png","w":"50","h":"49","duration":""},{"assetId":"ac62aff0bb6f4830953ee02cd0cf8944","assetType":"I","mimeType":"image/png","originFileName":"실2.png","w":"276","h":"274","duration":""},{"assetId":"b5f88017cf0a4aa1aa4103baf585afbb","assetType":"I","mimeType":"image/png","originFileName":"Ant loves apples_2.png","w":"274","h":"216","duration":""},{"assetId":"b9839d44ff5543df9e417fbb3e84f00c","assetType":"I","mimeType":"image/png","originFileName":"ant(1).png","w":"274","h":"274","duration":""},{"assetId":"bd13f879ae0a48ab98c98aacf5a038ba","assetType":"I","mimeType":"image/png","originFileName":"보석5.png","w":"47","h":"46","duration":""},{"assetId":"c3d3e1c9cc2c4059aa29db272c5738e3","assetType":"I","mimeType":"image/png","originFileName":"스5.png","w":"112","h":"111","duration":""},{"assetId":"c51e2c2f444349229b577fe9c6065b8a","assetType":"I","mimeType":"image/png","originFileName":"apple(1).png","w":"274","h":"274","duration":""},{"assetId":"d8f8f40b0e8a4cffa5cd147a7027133c","assetType":"I","mimeType":"image/png","originFileName":"speaker_back1.png","w":"169","h":"233","duration":""},{"assetId":"df3941f8cf5f4ce88dfd59ae93fab74c","assetType":"I","mimeType":"image/png","originFileName":"보석1.png","w":"123","h":"123","duration":""},{"assetId":"e601693273084e9e9a7b4cc56fc7672a","assetType":"A","mimeType":"audio/mp3","originFileName":"s_a2.mp3","w":"0","h":"0","duration":"7"},{"assetId":"e7b607b78efb4b12a51be1c874e51dd8","assetType":"I","mimeType":"image/png","originFileName":"오.png","w":"382","h":"388","duration":""},{"assetId":"ef16f60be26f416e8e765f944a5746ee","assetType":"I","mimeType":"image/png","originFileName":"보석3.png","w":"123","h":"123","duration":""},{"assetId":"ef5ed24f3169430d806c3d984c08d03f","assetType":"I","mimeType":"image/png","originFileName":"airplane(2).png","w":"274","h":"274","duration":""},{"assetId":"f8fe0dcdad734e2ebb8e4d2350e1e031","assetType":"I","mimeType":"image/png","originFileName":"스3.png","w":"112","h":"111","duration":""},{"assetId":"f96eb1cfbd34442693d54a935287cbf5","assetType":"I","mimeType":"image/png","originFileName":"스4.png","w":"112","h":"111","duration":""},{"assetId":"fc37eb1c769e48c68718d231e9915eee","assetType":"I","mimeType":"image/png","originFileName":"뚜껑.png","w":"202","h":"79","duration":""},{"assetId":"fee8df7da26944efbce7fa140066b1f4","assetType":"I","mimeType":"image/png","originFileName":"Alligator likes airplanes_2.png","w":"240","h":"189","duration":""},{"assetId":"0dd26954145243d3b200b4d122325bde","assetType":"I","mimeType":"image/png","originFileName":"0dd26954145243d3b200b4d122325bde.png","w":"50","h":"79","duration":""},{"assetId":"e477ea4017e74a5cab9121f5d9baf1fc","assetType":"I","mimeType":"image/png","originFileName":"e477ea4017e74a5cab9121f5d9baf1fc.png","w":"50","h":"79","duration":""},{"assetId":"695c6682b4dc416e963229580512892e","assetType":"A","mimeType":"audio/mp3","originFileName":"딸깍.mp3","w":"0","h":"0","duration":""},{"assetId":"833c3ccb861f4d589b06d58fdfbc9c6e","assetType":"A","mimeType":"audio/mp3","originFileName":"오답_oops.mp3","w":"0","h":"0","duration":"2"},{"assetId":"facfa2ab69254faca04cccc2b237285e","assetType":"A","mimeType":"audio/mp3","originFileName":"오답_sorry2.mp3","w":"0","h":"0","duration":"2"},{"assetId":"b38fb5f3a45e43b98c66d515131950f6","assetType":"A","mimeType":"audio/mp3","originFileName":"탁(자름).mp3","w":"0","h":"0","duration":""},{"assetId":"ef9f233a71a44d83a3346fa77d584dc0","assetType":"A","mimeType":"audio/mp3","originFileName":"띵동(자름).mp3","w":"0","h":"0","duration":""},{"assetId":"be8c9480cc7846de9b24ed93c8067944","assetType":"A","mimeType":"audio/mp3","originFileName":"Listen and choose.mp3","w":"0","h":"0","duration":"2"},{"assetId":"208330efc9ca46be97fa06aa34d17f90","assetType":"A","mimeType":"audio/mp3","originFileName":"묵음.mp3","w":"0","h":"0","duration":"1"},{"assetId":"44e20ca569d646b6b520dd90c5d0748d","assetType":"A","mimeType":"audio/mp3","originFileName":"bgm.mp3","w":"0","h":"0","duration":"27"},{"assetId":"27bb92a7881c49f0838e2125a46a9dba","assetType":"I","mimeType":"image/png","originFileName":"홈.png","w":"106","h":"118","duration":""},{"assetId":"baab5600605d4052b661cd77fc0857f9","assetType":"I","mimeType":"image/png","originFileName":"홈_r.png","w":"106","h":"118","duration":""},{"assetId":"91aa361a4d2749709a0e48e141d9faa4","assetType":"I","mimeType":"image/png","originFileName":"지문5.png","w":"400","h":"77","duration":""},{"assetId":"4a24540905984495964ba48b77730952","assetType":"I","mimeType":"image/png","originFileName":"바탕5.png","w":"70","h":"100","duration":""},{"assetId":"ce9b4ca423d045af96e09d7fe6f8582b","assetType":"I","mimeType":"image/png","originFileName":"문제표시.png","w":"157","h":"94","duration":""},{"assetId":"7afa6cbb08be48d4962f55ca95c1a303","assetType":"A","mimeType":"audio/mp3","originFileName":"Good job.mp3","w":"0","h":"0","duration":"1"},{"assetId":"7eb5ccd25f254382b53583ea1d013488","assetType":"I","mimeType":"image/png","originFileName":"배경6.png","w":"565","h":"405","duration":""},{"assetId":"2d688423a6e4460ea3452a1efadc3f72","assetType":"I","mimeType":"image/png","originFileName":"타이틀6.png","w":"330","h":"195","duration":""},{"assetId":"a5053053e1a241c2bb78063ac27c5ded","assetType":"I","mimeType":"image/png","originFileName":"시작버튼.png","w":"240","h":"115","duration":""},{"assetId":"9dd874812f084d498f69997a0a38ef4e","assetType":"I","mimeType":"image/png","originFileName":"시작버튼_r.png","w":"240","h":"115","duration":""},{"assetId":"c3782fc384b9458884ff9864e0c9686b","assetType":"I","mimeType":"image/png","originFileName":"엔딩.png","w":"565","h":"405","duration":""},{"assetId":"d46549ef5fe2428ca39f9e92471816c2","assetType":"I","mimeType":"image/png","originFileName":"굿잡.png","w":"480","h":"120","duration":""},{"assetId":"2293e23d64c548099498aa339a295ac7","assetType":"I","mimeType":"image/png","originFileName":"홈버튼.png","w":"105","h":"145","duration":""},{"assetId":"3ebdb7a0b4e14f75892384a0850b9d5f","assetType":"I","mimeType":"image/png","originFileName":"홈버튼_r.png","w":"105","h":"145","duration":""},{"assetId":"b571872c8630415a9e42671cdab209cd","assetType":"I","mimeType":"image/png","originFileName":"다시버튼.png","w":"105","h":"145","duration":""},{"assetId":"3ebb28abafd1413d8397437a95053f12","assetType":"I","mimeType":"image/png","originFileName":"다시버튼_r.png","w":"105","h":"145","duration":""},{"assetId":"ea5158e75f774c3e98589443c4710314","assetType":"I","mimeType":"image/png","originFileName":"앞.png","w":"80","h":"80","duration":""},{"assetId":"a12d77c3ef6d456595c0b9e2c71137e9","assetType":"A","mimeType":"audio/mp3","originFileName":"Listen and choose.mp3","w":"0","h":"0","duration":"2"},{"assetId":"92da8b5700674565a1fe7239320f3d53","assetType":"A","mimeType":"audio/mp3","originFileName":"Listen and choose.mp3","w":"0","h":"0","duration":"2"},{"assetId":"80ed7a2042bd439d98bc26a13b7c46f4","assetType":"I","mimeType":"image/png","originFileName":"board_3.png","w":"1060","h":"525","duration":""}]}