{"id":"a0a4d9c8bf6e40a1ad7dc21463602087","title":"[KO]EHPRABU01S5-E-Book-A","asset":[{"assetId":"04d6de0c16d14654bb565fc48848f312","assetType":"A","mimeType":"audio/mp3","originFileName":"airplane.mp3","w":"0","h":"0","duration":"1"},{"assetId":"0616750263c74f64b596912474d0d419","assetType":"I","mimeType":"image/png","originFileName":"악어왼팔.png","w":"103","h":"55","duration":""},{"assetId":"08abfcb8f1f34f81b67bdb5ea73b9a7f","assetType":"A","mimeType":"audio/mp3","originFileName":"story_a2.mp3","w":"0","h":"0","duration":"2"},{"assetId":"13e71836a223463b90cd90d0d53ba067","assetType":"I","mimeType":"image/png","originFileName":"apple.png","w":"472","h":"150","duration":""},{"assetId":"1a8e0fddc05447f49dc81f523400937d","assetType":"I","mimeType":"image/png","originFileName":"배경.png","w":"1036","h":"373","duration":""},{"assetId":"29326691f3904419a3d751502db6e083","assetType":"I","mimeType":"image/png","originFileName":"팝업배경.png","w":"530","h":"303","duration":""},{"assetId":"2d6fdd3d1d144b90972a5dd174b546ba","assetType":"I","mimeType":"image/png","originFileName":"개미왼팔2.png","w":"22","h":"11","duration":""},{"assetId":"39af9ede0a6f49df88b8698f0fde307d","assetType":"I","mimeType":"image/png","originFileName":"악어몸.png","w":"285","h":"346","duration":""},{"assetId":"3fa97acac2d54c6a83ffe3b3089b3494","assetType":"I","mimeType":"image/png","originFileName":"개미몸.png","w":"114","h":"99","duration":""},{"assetId":"46ca7ce2374541b59924a8c3a82d2a03","assetType":"I","mimeType":"image/png","originFileName":"악어눈1.png","w":"18","h":"18","duration":""},{"assetId":"5250c00eff2b4617a3e73b887e549d77","assetType":"A","mimeType":"audio/mp3","originFileName":"alligator.mp3","w":"0","h":"0","duration":"1"},{"assetId":"5757d00543064fb28eeaedbedc0bbffc","assetType":"I","mimeType":"image/png","originFileName":"book_bg (1).png","w":"1062","h":"530","duration":""},{"assetId":"621f7ba5d55f44d2aedbda3f41b52d2f","assetType":"I","mimeType":"image/png","originFileName":"개미왼팔1.png","w":"21","h":"12","duration":""},{"assetId":"639405adbe9e4217a597ac4dbe049a75","assetType":"I","mimeType":"image/png","originFileName":"악어꼬리.png","w":"106","h":"123","duration":""},{"assetId":"641206364b924176b4c383410cdf271f","assetType":"I","mimeType":"image/png","originFileName":"사과1.png","w":"192","h":"134","duration":""},{"assetId":"6b17a236115c4842ac39d54b01e93760","assetType":"A","mimeType":"audio/mp3","originFileName":"story_a4.mp3","w":"0","h":"0","duration":"5"},{"assetId":"6e3fbfdb0b46463da05cc65045904abe","assetType":"I","mimeType":"image/png","originFileName":"개미몸.png","w":"51","h":"86","duration":""},{"assetId":"6f779d11fc9642699fc81e498a212406","assetType":"I","mimeType":"image/png","originFileName":"개미얼굴.png","w":"114","h":"116","duration":""},{"assetId":"71b5ddaa12b04466875cf2017752f6d6","assetType":"I","mimeType":"image/png","originFileName":"ant.png","w":"472","h":"150","duration":""},{"assetId":"77a17f8b6fef49a7b91fb90eeda68e05","assetType":"I","mimeType":"image/png","originFileName":"개미얼굴.png","w":"116","h":"115","duration":""},{"assetId":"780ce212719c4f15812c3811153f7f16","assetType":"A","mimeType":"audio/mp3","originFileName":"story_a1.mp3","w":"0","h":"0","duration":"4"},{"assetId":"8678fd79ed4f438abce75d688316019c","assetType":"I","mimeType":"image/png","originFileName":"개미오른팔1.png","w":"20","h":"13","duration":""},{"assetId":"8efd3a6c68df468f80e5795ce3b972eb","assetType":"I","mimeType":"image/png","originFileName":"airplane.png","w":"472","h":"150","duration":""},{"assetId":"8fb0442cae3e472ca846b083eaaeac3f","assetType":"I","mimeType":"image/png","originFileName":"악어몸.png","w":"296","h":"332","duration":""},{"assetId":"9241c776f64c446aa35833f16f9fdcde","assetType":"I","mimeType":"image/png","originFileName":"개미비행기.png","w":"306","h":"183","duration":""},{"assetId":"954941ae8f8e4c4f9390b1150cd43db2","assetType":"I","mimeType":"image/png","originFileName":"입.png","w":"62","h":"62","duration":""},{"assetId":"970d008530fb4e958628ddf6b9e392d5","assetType":"I","mimeType":"image/png","originFileName":"악어눈2.png","w":"17","h":"17","duration":""},{"assetId":"99e381337041495ebf089137a124befd","assetType":"A","mimeType":"audio/mp3","originFileName":"apple.mp3","w":"0","h":"0","duration":"1"},{"assetId":"9b9cd66291a9401e8b01fdf225122bbc","assetType":"I","mimeType":"image/png","originFileName":"배경.png","w":"1036","h":"373","duration":""},{"assetId":"a0f7cf4dda694a3dba1c2ef3329c806f","assetType":"I","mimeType":"image/png","originFileName":"개미몸.png","w":"162","h":"264","duration":""},{"assetId":"a51b910e0c4449e38bec33f3e95142c9","assetType":"I","mimeType":"image/png","originFileName":"악어오른팔.png","w":"141","h":"119","duration":""},{"assetId":"a673379083854e60ae4bf26487326cb7","assetType":"I","mimeType":"image/png","originFileName":"악어오른팔.png","w":"103","h":"69","duration":""},{"assetId":"adbec5febff849388a6f5678c8c4a7b1","assetType":"I","mimeType":"image/png","originFileName":"악어꼬리.png","w":"130","h":"111","duration":""},{"assetId":"b16af317aa6e47a6b7d35c2fa75c2fdd","assetType":"I","mimeType":"image/png","originFileName":"악어.png","w":"258","h":"312","duration":""},{"assetId":"b3a14d9f0486493e94c5331dd4eb8d12","assetType":"A","mimeType":"audio/mp3","originFileName":"story_a3.mp3","w":"0","h":"0","duration":"3"},{"assetId":"b3df01791fe341caac577b8819c52d31","assetType":"A","mimeType":"audio/mp3","originFileName":"ant.mp3","w":"0","h":"0","duration":"1"},{"assetId":"bea349841830462e8ed2b370015c7afd","assetType":"I","mimeType":"image/png","originFileName":"개미왼팔.png","w":"43","h":"45","duration":""},{"assetId":"bf476dac7f5443fb8ded2061be742112","assetType":"I","mimeType":"image/png","originFileName":"사과.png","w":"303","h":"318","duration":""},{"assetId":"c30f48ac85544ca48658c0ffb7f2b3d7","assetType":"I","mimeType":"image/png","originFileName":"alligator.png","w":"472","h":"150","duration":""},{"assetId":"c48e688d542546d8876683232032150e","assetType":"I","mimeType":"image/png","originFileName":"악어꼬리.png","w":"151","h":"145","duration":""},{"assetId":"c75fd5d8f7964e44abb2c0248a71c46d","assetType":"I","mimeType":"image/png","originFileName":"사과2.png","w":"292","h":"305","duration":""},{"assetId":"cbb7d06dbf27404195163128f2a69b12","assetType":"I","mimeType":"image/png","originFileName":"악어눈1.png","w":"17","h":"17","duration":""},{"assetId":"d3ed4b5aba244be29f50754ef3685b22","assetType":"I","mimeType":"image/png","originFileName":"악어눈썹1.png","w":"17","h":"9","duration":""},{"assetId":"d404f376455d4e2b8104a40fe39ad426","assetType":"I","mimeType":"image/png","originFileName":"비행기.png","w":"123","h":"83","duration":""},{"assetId":"d729e8d2d2494205970003a4eb6d56fe","assetType":"I","mimeType":"image/png","originFileName":"악어눈썹2.png","w":"14","h":"11","duration":""},{"assetId":"da7aff15fcdf4f5c9c58927812cb2830","assetType":"I","mimeType":"image/png","originFileName":"악어꼬리.png","w":"120","h":"142","duration":""},{"assetId":"dbec36f514c24ec0b2374b8f96b2aa89","assetType":"I","mimeType":"image/png","originFileName":"배경.png","w":"1036","h":"373","duration":""},{"assetId":"e56d7d0613eb42c3b38d9eb99cb39415","assetType":"I","mimeType":"image/png","originFileName":"악어왼팔.png","w":"142","h":"108","duration":""},{"assetId":"e92d836d67614d6298cffd769d754355","assetType":"I","mimeType":"image/png","originFileName":"배경.png","w":"1036","h":"373","duration":""},{"assetId":"eea1d7a538b643ae85e82b4390b2f36b","assetType":"I","mimeType":"image/png","originFileName":"개미오른팔.png","w":"61","h":"47","duration":""},{"assetId":"eed16191af6d49449626f042623cef82","assetType":"I","mimeType":"image/png","originFileName":"귀.png","w":"62","h":"62","duration":""},{"assetId":"f270bb6a1d244330bb0a819e0ab65cdf","assetType":"I","mimeType":"image/png","originFileName":"팝업배경2.png","w":"530","h":"303","duration":""},{"assetId":"f4639985432547a6b3ecbcb1df7624b4","assetType":"I","mimeType":"image/png","originFileName":"나무.png","w":"561","h":"373","duration":""},{"assetId":"f859483c5ac245a4b28bd57b277fa627","assetType":"I","mimeType":"image/png","originFileName":"악어몸.png","w":"248","h":"362","duration":""},{"assetId":"f9df1764da4b4aabaa82ca0d7e5e1a77","assetType":"I","mimeType":"image/png","originFileName":"악어눈2.png","w":"17","h":"19","duration":""},{"assetId":"fcb33123755748589befcea2c959146c","assetType":"I","mimeType":"image/png","originFileName":"악어오른팔.png","w":"97","h":"69","duration":""},{"assetId":"fee5e34338b341208a15fc03bf33a738","assetType":"I","mimeType":"image/png","originFileName":"개미오른팔2.png","w":"22","h":"10","duration":""},{"assetId":"0dd26954145243d3b200b4d122325bde","assetType":"I","mimeType":"image/png","originFileName":"0dd26954145243d3b200b4d122325bde.png","w":"50","h":"79","duration":""},{"assetId":"e477ea4017e74a5cab9121f5d9baf1fc","assetType":"I","mimeType":"image/png","originFileName":"e477ea4017e74a5cab9121f5d9baf1fc.png","w":"50","h":"79","duration":""},{"assetId":"21c46fd8b6734810bda81a45a501e240","assetType":"I","mimeType":"image/png","originFileName":"button_allplay_sel.png","w":"70","h":"70","duration":""},{"assetId":"3ef6f05db1a648eeaffb503dc9cb4a21","assetType":"I","mimeType":"image/png","originFileName":"button_text_hide.png","w":"70","h":"70","duration":""},{"assetId":"53bd23eceeb24aaa99e095231f1ffb08","assetType":"I","mimeType":"image/png","originFileName":"button_text_show.png","w":"70","h":"70","duration":""},{"assetId":"7bfb9357c49a4074ae4d7dbe6bd1c828","assetType":"I","mimeType":"image/png","originFileName":"button_eng.png","w":"140","h":"70","duration":""},{"assetId":"918fa518d3ed47c582e210d1983bc032","assetType":"I","mimeType":"image/png","originFileName":"button_allplay_nor.png","w":"70","h":"70","duration":""},{"assetId":"b1681beeda4846ba94b04e7a9c917fc9","assetType":"I","mimeType":"image/png","originFileName":"KOR.png","w":"140","h":"70","duration":""},{"assetId":"a5f7c7fa80c5496b91371d720b83e009","assetType":"A","mimeType":"audio/mp3","originFileName":"goodjob.mp3","w":"0","h":"0","duration":"1"},{"assetId":"b38fb5f3a45e43b98c66d515131950f6","assetType":"A","mimeType":"audio/mp3","originFileName":"탁(자름).mp3","w":"0","h":"0","duration":""},{"assetId":"ba70446a531b426bb4e95e2db5bc96e1","assetType":"A","mimeType":"audio/mp3","originFileName":"딸깍(자름).mp3","w":"0","h":"0","duration":""},{"assetId":"44e20ca569d646b6b520dd90c5d0748d","assetType":"A","mimeType":"audio/mp3","originFileName":"bgm.mp3","w":"0","h":"0","duration":"27"},{"assetId":"27bb92a7881c49f0838e2125a46a9dba","assetType":"I","mimeType":"image/png","originFileName":"홈.png","w":"106","h":"118","duration":""},{"assetId":"baab5600605d4052b661cd77fc0857f9","assetType":"I","mimeType":"image/png","originFileName":"홈_r.png","w":"106","h":"118","duration":""},{"assetId":"0b32374c930c4857b122eaa9df831e93","assetType":"I","mimeType":"image/png","originFileName":"지문4.png","w":"400","h":"77","duration":""},{"assetId":"84bef1c8be0a4be8ad4bc7a8c0d4b3aa","assetType":"I","mimeType":"image/png","originFileName":"바탕4.png","w":"70","h":"100","duration":""},{"assetId":"ce9b4ca423d045af96e09d7fe6f8582b","assetType":"I","mimeType":"image/png","originFileName":"문제표시.png","w":"157","h":"94","duration":""},{"assetId":"5550352a393a4c8fac3788b55a825f94","assetType":"I","mimeType":"image/png","originFileName":"열기버튼.png","w":"70","h":"70","duration":""},{"assetId":"c015ba678f184530b6c8c055c402d90b","assetType":"I","mimeType":"image/png","originFileName":"닫힘버튼.png","w":"70","h":"70","duration":""},{"assetId":"e00f768722d84a8bb3fdcd4525d8f4c5","assetType":"I","mimeType":"image/png","originFileName":"앞.png","w":"80","h":"80","duration":""},{"assetId":"58ef530fb60c486ab36f6fe798362279","assetType":"I","mimeType":"image/png","originFileName":"스피커버튼.png","w":"95","h":"96","duration":""},{"assetId":"73c8b17395754fba810299881043f05b","assetType":"I","mimeType":"image/png","originFileName":"스피커버튼_r.png","w":"95","h":"96","duration":""},{"assetId":"d9568ce240be457d8c79923864cae1c5","assetType":"I","mimeType":"image/png","originFileName":"스피커버튼_0.png","w":"95","h":"96","duration":""},{"assetId":"d6527440944f4b629fa61fe89022250b","assetType":"I","mimeType":"image/png","originFileName":"스피커버튼_1.png","w":"95","h":"96","duration":""},{"assetId":"767483d023d947f9a781e97fbac6a14a","assetType":"I","mimeType":"image/png","originFileName":"스피커버튼_2.png","w":"95","h":"96","duration":""},{"assetId":"7afa6cbb08be48d4962f55ca95c1a303","assetType":"A","mimeType":"audio/mp3","originFileName":"Good job.mp3","w":"0","h":"0","duration":"1"},{"assetId":"f0dda3540181486e80ff4337c0ae8bf6","assetType":"I","mimeType":"image/png","originFileName":"배경5.png","w":"565","h":"405","duration":""},{"assetId":"41b09e98259f4df49ec1d129acf1b36e","assetType":"I","mimeType":"image/png","originFileName":"타이틀5.png","w":"330","h":"195","duration":""},{"assetId":"a5053053e1a241c2bb78063ac27c5ded","assetType":"I","mimeType":"image/png","originFileName":"시작버튼.png","w":"240","h":"115","duration":""},{"assetId":"9dd874812f084d498f69997a0a38ef4e","assetType":"I","mimeType":"image/png","originFileName":"시작버튼_r.png","w":"240","h":"115","duration":""},{"assetId":"c3782fc384b9458884ff9864e0c9686b","assetType":"I","mimeType":"image/png","originFileName":"엔딩.png","w":"565","h":"405","duration":""},{"assetId":"d46549ef5fe2428ca39f9e92471816c2","assetType":"I","mimeType":"image/png","originFileName":"굿잡.png","w":"480","h":"120","duration":""},{"assetId":"2293e23d64c548099498aa339a295ac7","assetType":"I","mimeType":"image/png","originFileName":"홈버튼.png","w":"105","h":"145","duration":""},{"assetId":"3ebdb7a0b4e14f75892384a0850b9d5f","assetType":"I","mimeType":"image/png","originFileName":"홈버튼_r.png","w":"105","h":"145","duration":""},{"assetId":"b571872c8630415a9e42671cdab209cd","assetType":"I","mimeType":"image/png","originFileName":"다시버튼.png","w":"105","h":"145","duration":""},{"assetId":"3ebb28abafd1413d8397437a95053f12","assetType":"I","mimeType":"image/png","originFileName":"다시버튼_r.png","w":"105","h":"145","duration":""},{"assetId":"deafdfcef8bc4440886cd4954da8613a","assetType":"A","mimeType":"audio/mp3","originFileName":"Look and read.mp3","w":"0","h":"0","duration":"2"}]}