{"id":"5b29ac9f18ce48efad49dc46d3287cc0","title":"EHPRABU01S2-Speak-A","asset":[{"assetId":"0ee8c84bc6bc4af090fcd9373ea50317","assetType":"I","mimeType":"image/png","originFileName":"apple.png","w":"516","h":"355","duration":""},{"assetId":"119e2162a5094f3dbf5215a3d7aa43a4","assetType":"A","mimeType":"audio/mp3","originFileName":"r_apple.mp3","w":"0","h":"0","duration":"1"},{"assetId":"144da1a32dd649b68a501b5b849d6cb5","assetType":"I","mimeType":"image/png","originFileName":"플레이어바.png","w":"496","h":"21","duration":""},{"assetId":"27ebb084a7404fe9bedd2e2474f6c328","assetType":"I","mimeType":"image/png","originFileName":"다시하기.png","w":"49","h":"53","duration":""},{"assetId":"28d7628eaf004c78be2e554744dcbd2c","assetType":"A","mimeType":"audio/mp3","originFileName":"Listen and repeat.mp3","w":"0","h":"0","duration":"2"},{"assetId":"2a22152b8a964597a7ac5d65a8caea37","assetType":"I","mimeType":"image/png","originFileName":"플레이어.png","w":"619","h":"68","duration":""},{"assetId":"57a941fce6044792bf6c6fe1493fb32b","assetType":"A","mimeType":"audio/mp3","originFileName":"r_airplane.mp3","w":"0","h":"0","duration":"1"},{"assetId":"6956e55274ac4670b2037bbf030eefef","assetType":"A","mimeType":"audio/mp3","originFileName":"alligator.mp3","w":"0","h":"0","duration":"1"},{"assetId":"6a9bbe21323c49899b1c6b6757b9983c","assetType":"I","mimeType":"image/png","originFileName":"alligator.png","w":"516","h":"355","duration":""},{"assetId":"92ada0cd8e9b4696bfd7ba0bf287f044","assetType":"I","mimeType":"image/png","originFileName":"media_control.png","w":"39","h":"38","duration":""},{"assetId":"a2a93134dc3442e68c484cd413400959","assetType":"I","mimeType":"image/png","originFileName":"bar_투명.png","w":"200","h":"21","duration":""},{"assetId":"a7c137a2430e4871b0eec45e8cff6ab1","assetType":"A","mimeType":"audio/mp3","originFileName":"r_alligator.mp3","w":"0","h":"0","duration":"1"},{"assetId":"b8e55b731e3e4ffbbc165c1c1a959781","assetType":"A","mimeType":"audio/mp3","originFileName":"airplane.mp3","w":"0","h":"0","duration":"1"},{"assetId":"bc0e5a9787bc4678825185354e8a4207","assetType":"I","mimeType":"image/png","originFileName":"airplane.png","w":"516","h":"355","duration":""},{"assetId":"c4dee5dbd110489badf5d850d10b3f6d","assetType":"I","mimeType":"image/png","originFileName":"ant.png","w":"516","h":"355","duration":""},{"assetId":"c86b09461c234a1e81e3a0cfe87f34e8","assetType":"A","mimeType":"audio/mp3","originFileName":"ant.mp3","w":"0","h":"0","duration":"1"},{"assetId":"e890d853d58349fea83a6cbac0e91796","assetType":"A","mimeType":"audio/mp3","originFileName":"r_ant.mp3","w":"0","h":"0","duration":"1"},{"assetId":"ea8e63f4eb6b4fe687500c2a208f2f8d","assetType":"A","mimeType":"audio/mp3","originFileName":"apple.mp3","w":"0","h":"0","duration":"1"},{"assetId":"0dd26954145243d3b200b4d122325bde","assetType":"I","mimeType":"image/png","originFileName":"0dd26954145243d3b200b4d122325bde.png","w":"50","h":"79","duration":""},{"assetId":"e477ea4017e74a5cab9121f5d9baf1fc","assetType":"I","mimeType":"image/png","originFileName":"e477ea4017e74a5cab9121f5d9baf1fc.png","w":"50","h":"79","duration":""},{"assetId":"695c6682b4dc416e963229580512892e","assetType":"A","mimeType":"audio/mp3","originFileName":"딸깍.mp3","w":"0","h":"0","duration":""},{"assetId":"671330e356cf4062b26f5cfecb8d6ab9","assetType":"A","mimeType":"audio/mp3","originFileName":"마지막페이지_Good job.mp3","w":"0","h":"0","duration":"1"},{"assetId":"44e20ca569d646b6b520dd90c5d0748d","assetType":"A","mimeType":"audio/mp3","originFileName":"bgm.mp3","w":"0","h":"0","duration":"27"},{"assetId":"27bb92a7881c49f0838e2125a46a9dba","assetType":"I","mimeType":"image/png","originFileName":"홈.png","w":"106","h":"118","duration":""},{"assetId":"baab5600605d4052b661cd77fc0857f9","assetType":"I","mimeType":"image/png","originFileName":"홈_r.png","w":"106","h":"118","duration":""},{"assetId":"35481ea1f2db4956adcba2c18c0f7ba0","assetType":"I","mimeType":"image/png","originFileName":"지문1.png","w":"400","h":"77","duration":""},{"assetId":"a638d7b5612c4a62aa10e85a11c7706e","assetType":"I","mimeType":"image/png","originFileName":"바탕1.png","w":"70","h":"100","duration":""},{"assetId":"ce9b4ca423d045af96e09d7fe6f8582b","assetType":"I","mimeType":"image/png","originFileName":"문제표시.png","w":"157","h":"94","duration":""},{"assetId":"b985170cf09a4bd198544553e5f12362","assetType":"I","mimeType":"image/png","originFileName":"배경2.png","w":"565","h":"405","duration":""},{"assetId":"8610739a74534e93a31bb5dc3414d048","assetType":"I","mimeType":"image/png","originFileName":"타이틀2.png","w":"330","h":"195","duration":""},{"assetId":"a5053053e1a241c2bb78063ac27c5ded","assetType":"I","mimeType":"image/png","originFileName":"시작버튼.png","w":"240","h":"115","duration":""},{"assetId":"9dd874812f084d498f69997a0a38ef4e","assetType":"I","mimeType":"image/png","originFileName":"시작버튼_r.png","w":"240","h":"115","duration":""},{"assetId":"c3782fc384b9458884ff9864e0c9686b","assetType":"I","mimeType":"image/png","originFileName":"엔딩.png","w":"565","h":"405","duration":""},{"assetId":"d46549ef5fe2428ca39f9e92471816c2","assetType":"I","mimeType":"image/png","originFileName":"굿잡.png","w":"480","h":"120","duration":""},{"assetId":"2293e23d64c548099498aa339a295ac7","assetType":"I","mimeType":"image/png","originFileName":"홈버튼.png","w":"105","h":"145","duration":""},{"assetId":"3ebdb7a0b4e14f75892384a0850b9d5f","assetType":"I","mimeType":"image/png","originFileName":"홈버튼_r.png","w":"105","h":"145","duration":""},{"assetId":"b571872c8630415a9e42671cdab209cd","assetType":"I","mimeType":"image/png","originFileName":"다시버튼.png","w":"105","h":"145","duration":""},{"assetId":"3ebb28abafd1413d8397437a95053f12","assetType":"I","mimeType":"image/png","originFileName":"다시버튼_r.png","w":"105","h":"145","duration":""},{"assetId":"ea5158e75f774c3e98589443c4710314","assetType":"I","mimeType":"image/png","originFileName":"앞.png","w":"80","h":"80","duration":""},{"assetId":"1a5da2a5bf9a410bb3078235b8df5947","assetType":"A","mimeType":"audio/mp3","originFileName":"Listen and repeat.mp3","w":"0","h":"0","duration":"2"}]}