{"id":"9a3c3b6c6844472c8e818907395b6f99","title":"[EN]EHPRABU01S1-Chant-A","asset":[{"assetId":"695c6682b4dc416e963229580512892e","assetType":"A","mimeType":"audio/mp3","originFileName":"딸깍.mp3","w":"0","h":"0","duration":""},{"assetId":"a5f7c7fa80c5496b91371d720b83e009","assetType":"A","mimeType":"audio/mp3","originFileName":"goodjob.mp3","w":"0","h":"0","duration":"1"},{"assetId":"27bb92a7881c49f0838e2125a46a9dba","assetType":"I","mimeType":"image/png","originFileName":"홈.png","w":"106","h":"118","duration":""},{"assetId":"baab5600605d4052b661cd77fc0857f9","assetType":"I","mimeType":"image/png","originFileName":"홈_r.png","w":"106","h":"118","duration":""},{"assetId":"66559b9fbd874053880d915ec4a852b3","assetType":"I","mimeType":"image/png","originFileName":"배경1.png","w":"565","h":"405","duration":""},{"assetId":"d9ab1a5f8ab849a4a6c008e1749a298b","assetType":"I","mimeType":"image/png","originFileName":"타이틀1.png","w":"330","h":"195","duration":""},{"assetId":"a5053053e1a241c2bb78063ac27c5ded","assetType":"I","mimeType":"image/png","originFileName":"시작버튼.png","w":"240","h":"115","duration":""},{"assetId":"9dd874812f084d498f69997a0a38ef4e","assetType":"I","mimeType":"image/png","originFileName":"시작버튼_r.png","w":"240","h":"115","duration":""},{"assetId":"c3782fc384b9458884ff9864e0c9686b","assetType":"I","mimeType":"image/png","originFileName":"엔딩.png","w":"565","h":"405","duration":""},{"assetId":"d46549ef5fe2428ca39f9e92471816c2","assetType":"I","mimeType":"image/png","originFileName":"굿잡.png","w":"480","h":"120","duration":""},{"assetId":"2293e23d64c548099498aa339a295ac7","assetType":"I","mimeType":"image/png","originFileName":"홈버튼.png","w":"105","h":"145","duration":""},{"assetId":"3ebdb7a0b4e14f75892384a0850b9d5f","assetType":"I","mimeType":"image/png","originFileName":"홈버튼_r.png","w":"105","h":"145","duration":""},{"assetId":"b571872c8630415a9e42671cdab209cd","assetType":"I","mimeType":"image/png","originFileName":"다시버튼.png","w":"105","h":"145","duration":""},{"assetId":"3ebb28abafd1413d8397437a95053f12","assetType":"I","mimeType":"image/png","originFileName":"다시버튼_r.png","w":"105","h":"145","duration":""}]}