{"id":"09500543caa242f2996ee72177083b0b","title":"[EN]EHPRABU01S4-Trace-A","asset":[{"assetId":"1c4e3630f9e94776ba84095af0cd2da7","assetType":"I","mimeType":"image/png","originFileName":"배경판.png","w":"1060","h":"525","duration":""},{"assetId":"47a97159bebe44dc86969bf02b5ce5f2","assetType":"I","mimeType":"image/png","originFileName":"done.png","w":"114","h":"54","duration":""},{"assetId":"557bda1778e0411da37ad4170681071b","assetType":"I","mimeType":"image/png","originFileName":"bt2.png","w":"106","h":"89","duration":""},{"assetId":"5af1b3caa0584f1db5877b940b0be64e","assetType":"I","mimeType":"image/png","originFileName":"movie.png","w":"683","h":"501","duration":""},{"assetId":"68fd6d5e55344cd0a467d6634c5510aa","assetType":"I","mimeType":"image/png","originFileName":"done1.png","w":"114","h":"54","duration":""},{"assetId":"ccc4e7e34816403e98f91c313b696e18","assetType":"I","mimeType":"image/png","originFileName":"A1.png","w":"255","h":"228","duration":""},{"assetId":"cd70462e016d4688a233ac9456c000cc","assetType":"I","mimeType":"image/png","originFileName":"A.png","w":"255","h":"228","duration":""},{"assetId":"d0744a083daf4f4ea95321530c26ea0d","assetType":"I","mimeType":"image/png","originFileName":"pan1.png","w":"333","h":"439","duration":""},{"assetId":"de1087f7b5834f1abd0a0b5cd14e2826","assetType":"I","mimeType":"image/png","originFileName":"bt1.png","w":"106","h":"89","duration":""},{"assetId":"0dd26954145243d3b200b4d122325bde","assetType":"I","mimeType":"image/png","originFileName":"0dd26954145243d3b200b4d122325bde.png","w":"50","h":"79","duration":""},{"assetId":"e477ea4017e74a5cab9121f5d9baf1fc","assetType":"I","mimeType":"image/png","originFileName":"e477ea4017e74a5cab9121f5d9baf1fc.png","w":"50","h":"79","duration":""},{"assetId":"a5f7c7fa80c5496b91371d720b83e009","assetType":"A","mimeType":"audio/mp3","originFileName":"goodjob.mp3","w":"0","h":"0","duration":"1"},{"assetId":"b38fb5f3a45e43b98c66d515131950f6","assetType":"A","mimeType":"audio/mp3","originFileName":"탁(자름).mp3","w":"0","h":"0","duration":""},{"assetId":"ba70446a531b426bb4e95e2db5bc96e1","assetType":"A","mimeType":"audio/mp3","originFileName":"딸깍(자름).mp3","w":"0","h":"0","duration":""},{"assetId":"27bb92a7881c49f0838e2125a46a9dba","assetType":"I","mimeType":"image/png","originFileName":"홈.png","w":"106","h":"118","duration":""},{"assetId":"baab5600605d4052b661cd77fc0857f9","assetType":"I","mimeType":"image/png","originFileName":"홈_r.png","w":"106","h":"118","duration":""},{"assetId":"51337d29e08e47bf9e441d6bf5983151","assetType":"I","mimeType":"image/png","originFileName":"지문3.png","w":"400","h":"77","duration":""},{"assetId":"840a1d3414e44b968b849e275f289f2a","assetType":"I","mimeType":"image/png","originFileName":"바탕3.png","w":"70","h":"100","duration":""},{"assetId":"ce9b4ca423d045af96e09d7fe6f8582b","assetType":"I","mimeType":"image/png","originFileName":"문제표시.png","w":"157","h":"94","duration":""},{"assetId":"7f100954b51e4c0fa6c010c2b4f32d3f","assetType":"I","mimeType":"image/png","originFileName":"배경4.png","w":"565","h":"405","duration":""},{"assetId":"43025e18144b455e8e9fc3defdec1e48","assetType":"I","mimeType":"image/png","originFileName":"타이틀4_1.png","w":"330","h":"195","duration":""},{"assetId":"a5053053e1a241c2bb78063ac27c5ded","assetType":"I","mimeType":"image/png","originFileName":"시작버튼.png","w":"240","h":"115","duration":""},{"assetId":"9dd874812f084d498f69997a0a38ef4e","assetType":"I","mimeType":"image/png","originFileName":"시작버튼_r.png","w":"240","h":"115","duration":""},{"assetId":"c3782fc384b9458884ff9864e0c9686b","assetType":"I","mimeType":"image/png","originFileName":"엔딩.png","w":"565","h":"405","duration":""},{"assetId":"d46549ef5fe2428ca39f9e92471816c2","assetType":"I","mimeType":"image/png","originFileName":"굿잡.png","w":"480","h":"120","duration":""},{"assetId":"2293e23d64c548099498aa339a295ac7","assetType":"I","mimeType":"image/png","originFileName":"홈버튼.png","w":"105","h":"145","duration":""},{"assetId":"3ebdb7a0b4e14f75892384a0850b9d5f","assetType":"I","mimeType":"image/png","originFileName":"홈버튼_r.png","w":"105","h":"145","duration":""},{"assetId":"b571872c8630415a9e42671cdab209cd","assetType":"I","mimeType":"image/png","originFileName":"다시버튼.png","w":"105","h":"145","duration":""},{"assetId":"3ebb28abafd1413d8397437a95053f12","assetType":"I","mimeType":"image/png","originFileName":"다시버튼_r.png","w":"105","h":"145","duration":""},{"assetId":"ea5158e75f774c3e98589443c4710314","assetType":"I","mimeType":"image/png","originFileName":"앞.png","w":"80","h":"80","duration":""},{"assetId":"67c0fc6119634c1983ed0c889bb9343a","assetType":"I","mimeType":"image/png","originFileName":"c01.png","w":"75","h":"95","duration":""},{"assetId":"e2681f580ad94126a619f1ea7dd87413","assetType":"I","mimeType":"image/png","originFileName":"c01b.png","w":"75","h":"95","duration":""},{"assetId":"0cfe8089bfcb48c590b8da7a2f4c1231","assetType":"I","mimeType":"image/png","originFileName":"c02.png","w":"75","h":"95","duration":""},{"assetId":"31e5d9254bb8407c9662cfa01bb92afc","assetType":"I","mimeType":"image/png","originFileName":"c02b.png","w":"75","h":"95","duration":""},{"assetId":"15d621344cc648309a8623f779578e2b","assetType":"I","mimeType":"image/png","originFileName":"c03.png","w":"75","h":"95","duration":""},{"assetId":"e96b8d747bec4ff48d4ad37e125ae515","assetType":"I","mimeType":"image/png","originFileName":"c03b.png","w":"75","h":"95","duration":""},{"assetId":"eb60a37ba0fa435080e5155f7240dc7a","assetType":"I","mimeType":"image/png","originFileName":"c04.png","w":"75","h":"95","duration":""},{"assetId":"e4744b1dd46e43e897018189aac3a766","assetType":"I","mimeType":"image/png","originFileName":"c04b.png","w":"75","h":"95","duration":""}]}